Path (Trial/Arm/Folder/Visit/Eye/Image Name),Scan (n/49),Atrophy / thinning of retinal layers,Disruption of EZ,DRIL,IR hemorrhages,IR HRF,Partially attached vitreous face,Fully attached vitreous face,Preretinal tissue/hemorrhage,Vitreous debris,VMT,DRT/ME,Fluid (IRF),Fluid (SRF),Disruption of RPE,Drusen (sub-RPE),Drusen (RPD),GA/MA areas,PED (serous),PED (fibrovascular),SHRM,Eye_ID,BCVA,CST,Patient_ID
/Prime_FULL/01-012/W104/OD/35.tif,36,0,0,0,0,1,0,1,0,0,0,0,0,0,0,0,0,0,0,0,0,60,82,269,60.0
/TREX DME/GILA/0213GOD/V10/OD/TREX_DME_000047.tif,48,0,0,0,0,1,0,1,0,0,0,0,0,0,0,0,0,0,0,0,0,4,85,234,213.0
/TREX DME/GILA/0213GOD/V10/OD/TREX_DME_000044.tif,45,0,1,0,0,1,0,1,0,0,0,0,0,0,0,0,0,0,0,0,0,4,85,234,213.0
/Prime_FULL/01-012/W104/OD/4.tif,5,0,0,0,0,0,1,0,0,0,0,0,0,0,0,0,0,0,0,0,0,60,82,269,60.0
/Prime_FULL/01-020/W104/OS/1.tif,2,0,0,0,0,0,1,0,0,0,0,0,0,0,0,0,0,0,0,0,0,63,91,231,63.0
/Prime_FULL/01-025/W104/OD/13.tif,14,0,0,0,0,0,0,1,0,0,0,0,0,0,0,0,0,0,0,0,0,65,85,222,65.0
/Prime_FULL/01-001/W104/OS/43.tif,44,0,0,0,0,0,0,0,0,1,0,0,0,0,0,0,0,0,0,0,0,58,94,276,58.0
/Prime_FULL/01-023/W92/OD/48.tif,49,0,0,0,0,0,0,0,0,1,0,0,0,0,0,0,0,0,0,0,0,64,84,242,64.0
/TREX DME/GILA/0201GOD/V22/OD/TREX_DME_000046.tif,47,0,0,0,0,1,1,0,0,0,0,0,1,0,0,0,0,0,0,0,0,1,71,241,201.0
/TREX DME/GILA/0213GOD/V10/OD/TREX_DME_000024.tif,25,0,1,0,0,1,0,1,0,0,0,0,0,0,0,0,0,0,0,0,0,4,85,234,213.0
/Prime_FULL/01-020/W104/OS/34.tif,35,0,0,0,0,1,1,0,0,0,0,0,0,0,0,0,0,0,0,0,0,63,91,231,63.0
/TREX DME/GILA/0229GOD/V13/OD/TREXE_000006.tif,7,0,0,0,0,1,1,0,0,1,0,0,0,0,0,0,0,0,0,0,0,10,81,280,229.0
/TREX DME/GILA/0201GOD/V22/OD/TREX_DME_000029.tif,30,0,1,0,0,1,0,1,0,0,0,0,1,0,0,0,0,0,0,0,0,1,71,241,201.0
/TREX DME/GILA/0225GOS/V11/OS/TREXB_000043.tif,44,0,0,0,0,0,0,1,0,0,0,0,0,0,0,0,0,0,0,0,0,8,89,305,225.0
/Prime_FULL/01-001/W104/OS/32.tif,33,0,0,0,0,1,1,0,0,1,0,0,0,0,0,0,0,0,0,0,0,58,94,276,58.0
/TREX DME/GILA/0215GOS/V12/OS/TREXS_000042.tif,43,0,1,0,0,0,1,0,0,0,0,0,0,0,0,0,0,0,0,0,0,5,74,249,215.0
/Prime_FULL/02-010/W36/OD/13.tif,14,0,0,0,0,1,0,1,0,1,0,0,0,0,0,0,0,0,0,0,0,57,93,271,57.0
/Prime_FULL/01-025/W104/OD/39.tif,40,0,0,0,0,0,1,0,0,0,0,0,0,0,0,0,0,0,0,0,0,65,85,222,65.0
/TREX DME/GILA/0215GOS/V12/OS/TREXS_000030.tif,31,0,1,0,0,1,0,1,0,0,0,0,0,0,0,0,0,0,0,0,0,5,74,249,215.0
/TREX DME/GILA/0204GOS/V21/OS/TREX_DME_000015.tif,16,0,0,0,0,0,1,0,0,0,0,0,1,0,0,0,0,0,0,0,0,3,69,309,204.0
/TREX DME/GILA/0215GOS/V12/OS/TREXS_000036.tif,37,0,1,0,0,1,0,1,0,0,0,0,0,0,0,0,0,0,0,0,0,5,74,249,215.0
/TREX DME/GILA/0213GOD/V10/OD/TREX_DME_000036.tif,37,0,0,0,0,1,0,1,0,0,0,0,0,0,0,0,0,0,0,0,0,4,85,234,213.0
/TREX DME/GILA/0201GOD/V22/OD/TREX_DME_000000.tif,1,0,0,0,0,1,1,0,0,0,0,0,1,0,0,0,0,0,0,0,0,1,71,241,201.0
/Prime_FULL/01-013/W104/OD/0.tif,1,0,0,0,0,1,0,1,0,1,0,0,1,0,0,0,0,0,0,0,0,61,85,322,61.0
/TREX DME/GILA/0204GOS/V21/OS/TREX_DME_000009.tif,10,0,0,0,0,1,1,0,0,0,0,0,0,0,0,0,0,0,0,0,0,3,69,309,204.0
/TREX DME/GILA/0213GOD/V10/OD/TREX_DME_000003.tif,4,0,0,0,0,1,0,1,0,0,0,0,0,0,0,0,0,0,0,0,0,4,85,234,213.0
/TREX DME/GILA/0217GOS/V15/OS/TREXE_000026.tif,27,0,0,0,0,1,0,1,0,0,0,0,1,0,0,0,0,0,0,0,0,6,62,268,217.0
/TREX DME/GILA/0203GOS/V15/OS/TREX_DME_000008.tif,9,0,0,0,0,0,0,0,0,0,0,0,0,0,0,0,0,0,0,0,0,2,85,270,203.0
/Prime_FULL/01-013/W104/OD/21.tif,22,0,0,0,0,1,0,1,0,0,0,0,0,0,0,0,0,0,0,0,0,61,85,322,61.0
/TREX DME/GILA/0213GOD/V10/OD/TREX_DME_000020.tif,21,0,1,0,0,1,0,1,0,0,0,0,0,0,0,0,0,0,0,0,0,4,85,234,213.0
/TREX DME/GILA/0226GOD/V16/OD/TREXW_000017.tif,18,0,1,0,0,1,1,0,0,0,0,0,1,0,0,0,0,0,0,0,0,9,82,346,226.0
/Prime_FULL/01-012/W104/OD/22.tif,23,0,0,0,0,0,1,0,0,0,0,0,0,0,0,0,0,0,0,0,0,60,82,269,60.0
/Prime_FULL/01-001/W104/OS/47.tif,48,0,0,0,0,0,0,0,0,0,0,0,0,0,0,0,0,0,0,0,0,58,94,276,58.0
/Prime_FULL/01-026/W104/OD/12.tif,13,0,0,0,0,0,0,0,0,1,0,0,0,0,0,0,0,0,0,0,0,66,76,261,66.0
/Prime_FULL/01-014/W104/OS/18.tif,19,0,0,0,0,0,0,0,1,0,0,0,1,0,0,0,0,0,0,0,0,62,97,292,62.0
/TREX DME/GILA/0225GOS/V11/OS/TREXB_000006.tif,7,0,0,0,0,0,0,1,0,0,0,0,0,0,0,0,0,0,0,0,0,8,89,305,225.0
/TREX DME/GILA/0203GOS/V15/OS/TREX_DME_000001.tif,2,0,0,0,0,0,0,0,0,0,0,0,0,0,0,0,0,0,0,0,0,2,85,270,203.0
/TREX DME/GILA/0221GOD/V17/OD/TREXH_000033.tif,34,0,0,0,0,0,0,1,0,0,0,0,1,0,0,0,0,0,0,0,0,7,81,261,221.0
/TREX DME/GILA/0221GOD/V17/OD/TREXH_000040.tif,41,0,0,0,0,0,0,1,0,0,0,0,0,0,0,0,0,0,0,0,0,7,81,261,221.0
/TREX DME/GILA/0215GOS/V12/OS/TREXS_000021.tif,22,0,1,0,0,1,1,0,0,0,0,0,1,0,0,0,0,0,0,0,0,5,74,249,215.0
/Prime_FULL/01-014/W104/OS/5.tif,6,0,0,0,0,0,0,0,1,0,0,0,0,0,0,0,0,0,0,0,0,62,97,292,62.0
/Prime_FULL/01-014/W104/OS/0.tif,1,0,0,0,0,0,0,0,0,0,0,0,0,0,0,0,0,0,0,0,0,62,97,292,62.0
/TREX DME/GILA/0213GOD/V10/OD/TREX_DME_000004.tif,5,0,0,0,0,1,0,1,0,0,0,0,0,0,0,0,0,0,0,0,0,4,85,234,213.0
/Prime_FULL/01-002/W52/OD/11.tif,12,0,0,0,0,0,1,0,0,1,0,0,0,0,0,0,0,0,0,0,0,59,66,223,59.0
/Prime_FULL/01-023/W92/OD/3.tif,4,0,0,0,0,0,0,1,0,0,0,0,0,0,0,0,0,0,0,0,0,64,84,242,64.0
/Prime_FULL/01-014/W104/OS/9.tif,10,0,0,0,0,1,0,0,1,0,0,0,0,0,0,0,0,0,0,0,0,62,97,292,62.0
/TREX DME/GILA/0215GOS/V12/OS/TREXS_000020.tif,21,0,1,0,0,0,1,0,0,0,0,0,0,0,0,0,0,0,0,0,0,5,74,249,215.0
/TREX DME/GILA/0229GOD/V13/OD/TREXE_000034.tif,35,0,0,0,0,1,1,0,0,0,0,0,0,0,0,0,0,0,0,0,0,10,81,280,229.0
/TREX DME/GILA/0203GOS/V15/OS/TREX_DME_000034.tif,35,0,1,0,0,1,0,0,0,1,0,0,0,0,0,0,0,0,0,0,0,2,85,270,203.0
/Prime_FULL/01-012/W104/OD/48.tif,49,0,0,0,0,0,0,1,0,0,0,0,0,0,0,0,0,0,0,0,0,60,82,269,60.0
/TREX DME/GILA/0213GOD/V10/OD/TREX_DME_000042.tif,43,0,1,0,0,1,0,1,0,0,0,0,0,0,0,0,0,0,0,0,0,4,85,234,213.0
/TREX DME/GILA/0215GOS/V12/OS/TREXS_000013.tif,14,0,1,0,0,0,0,1,0,0,0,0,0,0,0,0,0,0,0,0,0,5,74,249,215.0
/TREX DME/GILA/0221GOD/V17/OD/TREXH_000045.tif,46,0,1,0,0,0,0,1,0,0,0,0,0,0,0,0,0,0,0,0,0,7,81,261,221.0
/Prime_FULL/02-010/W36/OD/36.tif,37,0,0,0,0,1,0,1,0,1,0,0,0,0,0,0,0,0,0,0,0,57,93,271,57.0
/Prime_FULL/01-026/W104/OD/25.tif,26,0,0,0,0,0,1,0,0,0,0,0,0,0,0,0,0,0,0,0,0,66,76,261,66.0
/TREX DME/GILA/0225GOS/V11/OS/TREXB_000031.tif,32,0,1,0,0,1,0,1,0,1,0,0,0,0,0,0,0,0,0,0,0,8,89,305,225.0
/Prime_FULL/01-013/W104/OD/19.tif,20,0,0,0,0,1,0,1,0,0,0,0,0,0,0,0,0,0,0,0,0,61,85,322,61.0
/TREX DME/GILA/0225GOS/V11/OS/TREXB_000033.tif,34,0,0,0,0,0,0,1,0,1,0,0,0,0,0,0,0,0,0,0,0,8,89,305,225.0
/Prime_FULL/01-001/W104/OS/45.tif,46,0,0,0,0,0,0,0,0,0,0,0,0,0,0,0,0,0,0,0,0,58,94,276,58.0
/TREX DME/GILA/0226GOD/V16/OD/TREXW_000031.tif,32,0,0,0,0,0,1,0,0,0,0,0,0,0,0,0,0,0,0,0,0,9,82,346,226.0
/Prime_FULL/01-025/W104/OD/4.tif,5,0,0,0,0,0,0,1,0,0,0,0,0,0,0,0,0,0,0,0,0,65,85,222,65.0
/TREX DME/GILA/0221GOD/V17/OD/TREXH_000013.tif,14,0,0,0,0,0,0,1,0,0,0,0,0,0,0,0,0,0,0,0,0,7,81,261,221.0
/Prime_FULL/01-002/W52/OD/33.tif,34,0,0,0,0,1,1,0,0,0,0,0,0,0,0,0,0,0,0,0,0,59,66,223,59.0
/TREX DME/GILA/0229GOD/V13/OD/TREXE_000046.tif,47,0,0,0,0,0,1,0,0,1,0,0,0,0,0,0,0,0,0,0,0,10,81,280,229.0
/Prime_FULL/01-002/W52/OD/43.tif,44,0,0,0,0,1,0,0,0,0,0,0,0,0,0,0,0,0,0,0,0,59,66,223,59.0
/Prime_FULL/01-020/W104/OS/46.tif,47,0,0,0,0,1,0,0,0,0,0,0,0,0,0,0,0,0,0,0,0,63,91,231,63.0
/Prime_FULL/01-020/W104/OS/11.tif,12,0,0,0,0,1,1,0,0,0,0,0,0,0,0,0,0,0,0,0,0,63,91,231,63.0
/Prime_FULL/02-010/W36/OD/40.tif,41,0,0,0,0,1,0,1,0,1,0,0,0,0,0,0,0,0,0,0,0,57,93,271,57.0
/Prime_FULL/01-023/W92/OD/18.tif,19,0,0,0,0,1,0,0,0,1,0,0,0,0,0,0,0,0,0,0,0,64,84,242,64.0
/Prime_FULL/01-023/W92/OD/7.tif,8,0,0,0,0,1,0,1,0,0,0,0,0,0,0,0,0,0,0,0,0,64,84,242,64.0
/Prime_FULL/01-013/W104/OD/26.tif,27,0,0,0,0,1,0,1,0,0,0,0,1,0,0,0,0,0,0,0,0,61,85,322,61.0
/Prime_FULL/01-025/W104/OD/38.tif,39,0,0,0,0,1,1,0,0,0,0,0,0,0,0,0,0,0,0,0,0,65,85,222,65.0
/TREX DME/GILA/0225GOS/V11/OS/TREXB_000009.tif,10,0,0,0,0,1,0,1,0,0,0,0,0,0,0,0,0,0,0,0,0,8,89,305,225.0
/Prime_FULL/01-014/W104/OS/48.tif,49,0,0,0,0,0,0,0,1,0,0,0,0,0,0,0,0,0,0,0,0,62,97,292,62.0
/Prime_FULL/01-012/W104/OD/41.tif,42,0,0,0,0,0,0,1,0,0,0,0,1,0,0,0,0,0,0,0,0,60,82,269,60.0
/Prime_FULL/01-026/W104/OD/29.tif,30,0,0,0,0,0,1,0,0,0,0,0,0,0,0,0,0,0,0,0,0,66,76,261,66.0
/Prime_FULL/01-020/W104/OS/18.tif,19,0,0,0,0,1,1,0,0,0,0,0,0,0,0,0,0,0,0,0,0,63,91,231,63.0
/TREX DME/GILA/0229GOD/V13/OD/TREXE_000040.tif,41,0,0,0,0,0,0,1,0,0,0,0,0,0,0,0,0,0,0,0,0,10,81,280,229.0
/TREX DME/GILA/0215GOS/V12/OS/TREXS_000045.tif,46,0,0,0,0,0,0,1,0,0,0,0,1,0,0,0,0,0,0,0,0,5,74,249,215.0
/Prime_FULL/01-020/W104/OS/8.tif,9,0,0,0,0,1,1,0,0,0,0,0,0,0,0,0,0,0,0,0,0,63,91,231,63.0
/TREX DME/GILA/0226GOD/V16/OD/TREXW_000037.tif,38,1,1,0,0,1,1,0,0,0,0,0,0,0,0,0,0,0,0,0,0,9,82,346,226.0
/TREX DME/GILA/0229GOD/V13/OD/TREXE_000030.tif,31,0,0,0,0,1,1,0,0,0,0,0,1,0,0,0,0,0,0,0,0,10,81,280,229.0
/Prime_FULL/01-001/W104/OS/40.tif,41,0,0,0,0,1,0,0,0,1,0,0,0,0,0,0,0,0,0,0,0,58,94,276,58.0
/TREX DME/GILA/0221GOD/V17/OD/TREXH_000011.tif,12,0,0,0,0,0,0,1,0,0,0,0,0,0,0,0,0,0,0,0,0,7,81,261,221.0
/TREX DME/GILA/0217GOS/V15/OS/TREXE_000025.tif,26,0,0,0,0,0,0,1,0,0,0,0,1,0,0,0,0,0,0,0,0,6,62,268,217.0
/Prime_FULL/01-001/W104/OS/2.tif,3,0,0,0,0,0,0,0,0,1,0,0,0,0,0,0,0,0,0,0,0,58,94,276,58.0
/Prime_FULL/02-010/W36/OD/17.tif,18,0,0,0,0,1,0,1,0,1,0,0,0,0,0,0,0,0,0,0,0,57,93,271,57.0
/TREX DME/GILA/0225GOS/V11/OS/TREXB_000041.tif,42,0,0,0,0,1,0,1,0,1,0,0,0,0,0,0,0,0,0,0,0,8,89,305,225.0
/Prime_FULL/01-014/W104/OS/22.tif,23,0,0,1,0,0,0,0,1,0,0,0,0,0,0,0,0,0,0,0,0,62,97,292,62.0
/Prime_FULL/01-023/W92/OD/2.tif,3,0,0,0,0,0,0,1,0,1,0,0,0,0,0,0,0,0,0,0,0,64,84,242,64.0
/TREX DME/GILA/0203GOS/V15/OS/TREX_DME_000027.tif,28,0,0,0,0,1,0,0,0,1,0,0,0,0,0,0,0,0,0,0,0,2,85,270,203.0
/TREX DME/GILA/0226GOD/V16/OD/TREXW_000013.tif,14,1,1,0,0,1,1,0,0,0,0,0,0,0,0,0,0,0,0,0,0,9,82,346,226.0
/Prime_FULL/02-010/W36/OD/11.tif,12,0,0,0,0,1,0,1,0,0,0,0,1,0,0,0,0,0,0,0,0,57,93,271,57.0
/TREX DME/GILA/0226GOD/V16/OD/TREXW_000025.tif,26,0,0,0,0,1,1,0,0,0,0,1,1,0,0,0,0,0,0,0,0,9,82,346,226.0
/TREX DME/GILA/0204GOS/V21/OS/TREX_DME_000034.tif,35,0,0,0,0,1,0,0,0,0,0,1,1,0,0,0,0,0,0,0,0,3,69,309,204.0
/TREX DME/GILA/0229GOD/V13/OD/TREXE_000025.tif,26,0,1,0,0,1,1,0,0,0,0,1,1,0,1,0,0,0,0,0,0,10,81,280,229.0
/TREX DME/GILA/0204GOS/V21/OS/TREX_DME_000047.tif,48,0,0,0,0,1,0,0,0,0,0,1,1,0,0,0,0,0,0,0,0,3,69,309,204.0
/TREX DME/GILA/0217GOS/V15/OS/TREXE_000006.tif,7,0,0,0,0,1,0,1,0,0,0,1,1,0,0,0,0,0,0,0,0,6,62,268,217.0
/TREX DME/GILA/0204GOS/V21/OS/TREX_DME_000043.tif,44,0,0,0,1,1,0,0,0,0,0,1,1,0,0,0,0,0,0,0,0,3,69,309,204.0
/Prime_FULL/01-020/W104/OS/20.tif,21,0,0,0,0,0,0,1,0,0,0,1,1,0,0,0,0,0,0,0,0,63,91,231,63.0
/Prime_FULL/01-014/W104/OS/31.tif,32,0,0,0,0,1,0,0,1,1,0,1,1,0,0,0,0,0,0,0,0,62,97,292,62.0
/TREX DME/GILA/0226GOD/V16/OD/TREXW_000009.tif,10,1,1,0,0,1,1,0,0,0,0,1,0,0,0,0,0,0,0,0,0,9,82,346,226.0
/TREX DME/GILA/0226GOD/V16/OD/TREXW_000018.tif,19,0,1,0,0,1,1,0,0,0,0,1,1,0,0,0,0,0,0,0,0,9,82,346,226.0
/Prime_FULL/01-014/W104/OS/37.tif,38,0,0,0,0,1,0,0,1,0,0,1,1,0,0,0,0,0,0,0,0,62,97,292,62.0
/Prime_FULL/01-014/W104/OS/36.tif,37,0,0,0,0,1,0,0,1,0,0,1,1,0,0,0,0,0,0,0,0,62,97,292,62.0
/TREX DME/GILA/0217GOS/V15/OS/TREXE_000002.tif,3,0,0,0,0,1,0,1,0,0,0,1,1,0,0,0,0,0,0,0,0,6,62,268,217.0
/TREX DME/GILA/0204GOS/V21/OS/TREX_DME_000030.tif,31,0,0,0,0,1,0,0,0,0,0,1,1,0,0,0,0,0,0,0,0,3,69,309,204.0
/TREX DME/GILA/0204GOS/V21/OS/TREX_DME_000040.tif,41,0,0,0,0,1,0,0,0,0,0,1,1,0,0,0,0,0,0,0,0,3,69,309,204.0
/TREX DME/GILA/0229GOD/V13/OD/TREXE_000015.tif,16,1,1,0,0,1,1,0,0,1,0,1,1,0,0,0,0,0,0,0,0,10,81,280,229.0
/TREX DME/GILA/0204GOS/V21/OS/TREX_DME_000038.tif,39,0,0,0,0,1,0,0,0,0,0,1,1,0,0,0,0,0,0,0,0,3,69,309,204.0
/TREX DME/GILA/0217GOS/V15/OS/TREXE_000009.tif,10,0,0,0,0,1,0,1,0,0,0,1,1,0,0,0,0,0,0,0,0,6,62,268,217.0
/Prime_FULL/01-014/W104/OS/30.tif,31,0,0,0,0,1,0,0,1,1,0,1,1,0,0,0,0,0,0,0,0,62,97,292,62.0
/TREX DME/GILA/0204GOS/V21/OS/TREX_DME_000022.tif,23,0,0,0,0,0,0,0,0,0,0,1,1,0,0,0,0,0,0,0,0,3,69,309,204.0
/TREX DME/GILA/0229GOD/V13/OD/TREXE_000019.tif,20,1,1,0,1,1,1,0,0,0,0,1,1,0,0,0,0,0,0,0,0,10,81,280,229.0
/TREX DME/GILA/0204GOS/V21/OS/TREX_DME_000028.tif,29,0,0,0,0,0,0,0,0,0,0,1,1,0,0,0,0,0,0,0,0,3,69,309,204.0
/TREX DME/GILA/0217GOS/V15/OS/TREXE_000007.tif,8,0,0,0,0,1,0,1,0,0,0,1,1,0,0,0,0,0,0,0,0,6,62,268,217.0
/Prime_FULL/01-014/W104/OS/41.tif,42,0,0,0,0,1,0,0,1,0,0,1,1,0,0,0,0,0,0,0,0,62,97,292,62.0
/Prime_FULL/01-014/W104/OS/29.tif,30,0,0,0,0,1,0,0,1,1,0,1,1,0,0,0,0,0,0,0,0,62,97,292,62.0
/TREX DME/GILA/0204GOS/V21/OS/TREX_DME_000046.tif,47,0,0,0,0,1,0,0,0,0,0,1,1,0,0,0,0,0,0,0,0,3,69,309,204.0
/TREX DME/GILA/0217GOS/V15/OS/TREXE_000013.tif,14,0,1,0,0,1,0,1,0,0,0,1,1,0,0,0,0,0,0,0,0,6,62,268,217.0
/TREX DME/GILA/0204GOS/V21/OS/TREX_DME_000033.tif,34,0,0,0,0,1,0,0,0,0,0,1,1,0,0,0,0,0,0,0,0,3,69,309,204.0
/TREX DME/GILA/0204GOS/V21/OS/TREX_DME_000029.tif,30,0,0,0,0,1,0,0,0,0,0,1,1,0,0,0,0,0,0,0,0,3,69,309,204.0
/TREX DME/GILA/0204GOS/V21/OS/TREX_DME_000039.tif,40,0,0,0,0,1,0,0,0,0,0,1,1,0,0,0,0,0,0,0,0,3,69,309,204.0
/TREX DME/GILA/0226GOD/V16/OD/TREXW_000007.tif,8,0,1,0,0,1,1,0,0,0,0,1,0,0,0,0,0,0,0,0,0,9,82,346,226.0
/TREX DME/GILA/0204GOS/V21/OS/TREX_DME_000032.tif,33,0,0,0,0,1,0,0,0,0,0,1,1,0,0,0,0,0,0,0,0,3,69,309,204.0
/Prime_FULL/01-020/W104/OS/21.tif,22,0,0,0,0,0,0,1,0,0,0,1,1,0,0,0,0,0,0,0,0,63,91,231,63.0
/TREX DME/GILA/0217GOS/V15/OS/TREXE_000011.tif,12,0,0,0,0,1,0,1,0,0,0,1,1,0,0,0,0,0,0,0,0,6,62,268,217.0
/TREX DME/GILA/0217GOS/V15/OS/TREXE_000014.tif,15,0,0,0,0,1,0,1,0,0,0,1,1,0,0,0,0,0,0,0,0,6,62,268,217.0
/TREX DME/GILA/0226GOD/V16/OD/TREXW_000021.tif,22,0,0,0,0,1,1,0,0,0,0,1,1,0,0,0,0,0,0,0,0,9,82,346,226.0
/TREX DME/GILA/0204GOS/V21/OS/TREX_DME_000024.tif,25,0,0,0,0,1,0,0,0,0,0,1,1,0,0,0,0,0,0,0,0,3,69,309,204.0
/TREX DME/GILA/0204GOS/V21/OS/TREX_DME_000025.tif,26,0,0,0,0,0,0,0,0,0,0,1,1,0,0,0,0,0,0,0,0,3,69,309,204.0
/TREX DME/GILA/0204GOS/V21/OS/TREX_DME_000027.tif,28,0,0,0,0,1,0,0,0,0,0,1,1,0,0,0,0,0,0,0,0,3,69,309,204.0
/TREX DME/GILA/0204GOS/V21/OS/TREX_DME_000035.tif,36,0,0,0,0,1,0,0,0,0,0,1,1,0,0,0,0,0,0,0,0,3,69,309,204.0
/TREX DME/GILA/0217GOS/V15/OS/TREXE_000017.tif,18,0,1,0,0,1,0,1,0,0,0,1,1,0,0,0,0,0,0,0,0,6,62,268,217.0
/TREX DME/GILA/0217GOS/V15/OS/TREXE_000016.tif,17,0,1,0,0,1,0,1,0,0,0,1,1,0,0,0,0,0,0,0,0,6,62,268,217.0
/TREX DME/GILA/0226GOD/V16/OD/TREXW_000024.tif,25,0,0,0,0,0,1,0,0,0,0,1,1,0,0,0,0,0,0,0,0,9,82,346,226.0
/TREX DME/GILA/0217GOS/V15/OS/TREXE_000019.tif,20,0,0,0,0,1,0,1,0,0,0,1,1,0,0,0,0,0,0,0,0,6,62,268,217.0
/TREX DME/GILA/0229GOD/V13/OD/TREXE_000026.tif,27,0,1,0,0,1,1,0,0,0,0,1,1,0,0,0,0,0,0,0,0,10,81,280,229.0
/TREX DME/GILA/0226GOD/V16/OD/TREXW_000005.tif,6,0,0,0,0,1,1,0,0,0,0,1,0,0,0,0,0,0,0,0,0,9,82,346,226.0
/TREX DME/GILA/0217GOS/V15/OS/TREXE_000021.tif,22,0,1,0,0,1,0,1,0,0,0,1,1,0,0,0,0,0,0,0,0,6,62,268,217.0
/TREX DME/GILA/0217GOS/V15/OS/TREXE_000005.tif,6,0,0,0,0,1,0,1,0,0,0,1,1,0,0,0,0,0,0,0,0,6,62,268,217.0
/TREX DME/GILA/0226GOD/V16/OD/TREXW_000022.tif,23,0,1,0,0,1,1,0,0,0,0,1,1,0,0,0,0,0,0,0,0,9,82,346,226.0
/TREX DME/GILA/0217GOS/V15/OS/TREXE_000003.tif,4,0,0,0,0,1,0,1,0,0,0,1,1,0,0,0,0,0,0,0,0,6,62,268,217.0
/TREX DME/GILA/0229GOD/V13/OD/TREXE_000024.tif,25,0,1,0,0,1,1,0,0,0,0,1,1,0,0,0,0,0,0,0,0,10,81,280,229.0
/TREX DME/GILA/0226GOD/V16/OD/TREXW_000023.tif,24,0,0,0,0,0,1,0,0,0,0,1,1,0,0,0,0,0,0,0,0,9,82,346,226.0
/TREX DME/GILA/0226GOD/V16/OD/TREXW_000020.tif,21,0,0,0,0,1,1,0,0,0,0,1,1,0,0,0,0,0,0,0,0,9,82,346,226.0
/TREX DME/GILA/0204GOS/V21/OS/TREX_DME_000044.tif,45,0,0,0,0,1,0,0,0,0,0,1,1,0,0,0,0,0,0,0,0,3,69,309,204.0
/TREX DME/GILA/0226GOD/V16/OD/TREXW_000019.tif,20,0,1,0,0,1,1,0,0,0,0,1,1,0,0,0,0,0,0,0,0,9,82,346,226.0
/TREX DME/GILA/0229GOD/V13/OD/TREXE_000027.tif,28,0,0,0,0,1,1,0,0,0,0,1,1,0,0,0,0,0,0,0,0,10,81,280,229.0
/TREX DME/GILA/0204GOS/V21/OS/TREX_DME_000023.tif,24,0,0,0,0,1,0,0,0,0,0,1,1,0,0,0,0,0,0,0,0,3,69,309,204.0
/TREX DME/GILA/0217GOS/V15/OS/TREXE_000018.tif,19,0,1,0,0,1,0,1,0,0,0,1,1,0,0,0,0,0,0,0,0,6,62,268,217.0
/TREX DME/GILA/0204GOS/V21/OS/TREX_DME_000048.tif,49,0,0,0,0,1,0,0,0,0,0,1,1,0,0,0,0,0,0,0,0,3,69,309,204.0
/TREX DME/GILA/0229GOD/V13/OD/TREXE_000018.tif,19,0,1,0,1,1,1,0,0,0,0,1,1,0,0,0,0,0,0,0,0,10,81,280,229.0
/TREX DME/GILA/0204GOS/V21/OS/TREX_DME_000037.tif,38,0,0,0,0,1,0,0,0,0,0,1,1,0,0,0,0,0,0,0,0,3,69,309,204.0
/TREX DME/GILA/0217GOS/V15/OS/TREXE_000004.tif,5,0,0,0,0,1,0,1,0,0,0,1,1,0,0,0,0,0,0,0,0,6,62,268,217.0
/Prime_FULL/01-014/W104/OS/35.tif,36,0,0,0,0,1,0,0,1,0,0,1,1,0,0,0,0,0,0,0,0,62,97,292,62.0
/TREX DME/GILA/0226GOD/V16/OD/TREXW_000006.tif,7,0,0,0,0,1,1,0,0,0,0,1,0,0,0,0,0,0,0,0,0,9,82,346,226.0
/TREX DME/GILA/0226GOD/V16/OD/TREXW_000003.tif,4,0,0,0,0,1,1,0,0,0,0,1,0,0,0,0,0,0,0,0,0,9,82,346,226.0
/TREX DME/GILA/0217GOS/V15/OS/TREXE_000010.tif,11,0,0,0,0,1,0,1,0,0,0,1,1,0,0,0,0,0,0,0,0,6,62,268,217.0
/TREX DME/GILA/0204GOS/V21/OS/TREX_DME_000036.tif,37,0,0,0,0,1,0,0,0,0,0,1,1,0,0,0,0,0,0,0,0,3,69,309,204.0
/TREX DME/GILA/0229GOD/V13/OD/TREXE_000021.tif,22,0,1,0,1,1,1,0,0,1,0,1,1,0,0,0,0,0,0,0,0,10,81,280,229.0
/TREX DME/GILA/0229GOD/V13/OD/TREXE_000023.tif,24,1,1,0,1,1,1,0,0,0,0,1,1,0,0,0,0,0,0,0,0,10,81,280,229.0
/TREX DME/GILA/0229GOD/V13/OD/TREXE_000017.tif,18,1,1,0,0,1,1,0,0,0,0,1,1,0,0,0,0,0,0,0,0,10,81,280,229.0
/TREX DME/GILA/0204GOS/V21/OS/TREX_DME_000045.tif,46,0,0,0,0,1,0,0,0,0,0,1,1,0,0,0,0,0,0,0,0,3,69,309,204.0
/TREX DME/GILA/0226GOD/V16/OD/TREXW_000008.tif,9,0,0,0,0,1,1,0,0,0,0,1,0,0,0,0,0,0,0,0,0,9,82,346,226.0
/TREX DME/GILA/0217GOS/V15/OS/TREXE_000015.tif,16,0,1,0,0,1,0,1,0,0,0,1,1,0,0,0,0,0,0,0,0,6,62,268,217.0
/TREX DME/GILA/0217GOS/V15/OS/TREXE_000008.tif,9,0,0,0,0,1,0,1,0,0,0,1,1,0,0,0,0,0,0,0,0,6,62,268,217.0
/Prime_FULL/01-014/W104/OS/39.tif,40,0,0,0,0,1,0,0,1,0,0,1,1,0,0,0,0,0,0,0,0,62,97,292,62.0
/TREX DME/GILA/0217GOS/V15/OS/TREXE_000000.tif,1,0,0,0,0,1,0,1,0,0,0,1,1,0,0,0,0,0,0,0,0,6,62,268,217.0
/TREX DME/GILA/0204GOS/V21/OS/TREX_DME_000031.tif,32,0,0,0,0,1,0,0,0,0,0,1,1,0,0,0,0,0,0,0,0,3,69,309,204.0
/TREX DME/GILA/0204GOS/V21/OS/TREX_DME_000042.tif,43,0,0,0,1,1,0,0,0,0,0,1,1,0,0,0,0,0,0,0,0,3,69,309,204.0
/TREX DME/GILA/0204GOS/V21/OS/TREX_DME_000041.tif,42,0,0,0,0,1,0,0,0,0,0,1,1,0,0,0,0,0,0,0,0,3,69,309,204.0
/TREX DME/GILA/0226GOD/V16/OD/TREXW_000004.tif,5,0,0,0,1,1,1,0,0,0,0,1,1,0,0,0,0,0,0,0,0,9,82,346,226.0
/TREX DME/GILA/0229GOD/V13/OD/TREXE_000020.tif,21,0,0,0,1,1,1,0,0,1,0,1,1,0,0,0,0,0,0,0,0,10,81,280,229.0
/TREX DME/GILA/0229GOD/V13/OD/TREXE_000016.tif,17,1,1,0,0,1,1,0,0,0,0,1,1,0,0,0,0,0,0,0,0,10,81,280,229.0
/Prime_FULL/01-014/W104/OS/40.tif,41,0,0,0,0,1,0,0,1,0,0,1,1,0,0,0,0,0,0,0,0,62,97,292,62.0
/Prime_FULL/01-014/W104/OS/33.tif,34,0,0,0,0,1,0,0,1,0,0,1,1,0,0,0,0,0,0,0,0,62,97,292,62.0
/Prime_FULL/01-014/W104/OS/38.tif,39,0,0,0,0,1,0,0,1,0,0,1,0,0,0,0,0,0,0,0,0,62,97,292,62.0
/Prime_FULL/01-014/W104/OS/32.tif,33,0,0,0,0,1,0,0,1,0,0,1,1,0,0,0,0,0,0,0,0,62,97,292,62.0
/TREX DME/GILA/0226GOD/V16/OD/TREXW_000010.tif,11,1,1,0,0,1,1,0,0,0,0,1,0,0,0,0,0,0,0,0,0,9,82,346,226.0
/TREX DME/GILA/0204GOS/V21/OS/TREX_DME_000026.tif,27,0,0,0,0,1,0,0,0,0,0,1,1,0,0,0,0,0,0,0,0,3,69,309,204.0
/TREX DME/GILA/0217GOS/V15/OS/TREXE_000020.tif,21,0,1,0,0,1,0,1,0,0,0,1,1,0,0,0,0,0,0,0,0,6,62,268,217.0
/TREX DME/GILA/0217GOS/V15/OS/TREXE_000012.tif,13,0,1,0,0,1,0,1,0,0,0,1,1,0,0,0,0,0,0,0,0,6,62,268,217.0
/Prime_FULL/01-014/W104/OS/34.tif,35,0,0,0,0,1,0,0,1,1,0,1,1,0,0,0,0,0,0,0,0,62,97,292,62.0
/TREX DME/GILA/0217GOS/V15/OS/TREXE_000001.tif,2,0,0,0,0,1,0,1,0,0,0,1,1,0,0,0,0,0,0,0,0,6,62,268,217.0
/TREX DME/GILA/0229GOD/V13/OD/TREXE_000022.tif,23,1,1,0,0,1,1,0,0,0,0,1,1,0,0,0,0,0,0,0,0,10,81,280,229.0
